innovation	innovation
innovations	innovation
innovant	innovant
innovants	innovant
entreprise	entreprise
entreprises	entreprise
projet	projet
projets	projet
chercheur	chercheur
chercheurs	chercheur
technique	technique
techniques	technique
textile	textile
textiles	textile
europeen	europeen
europeens	europeen
centre	centre
centres	centre
forum	forum
international	international
octobre	octobre
inauguration	inauguration
organiser	organiser
organisation	organisation
numerique	numerique
donnees	donnee
donnee	donnee
roubaix	roubaix
ceti	ceti
clubtex	clubtex
